month,size,st_rev,turnover,vol,bm,mom,roe,ag,ac,noa,nsi,gp,cei,ita,dist,oscore,investment,cbop,dy
2019-10,0.01832,-0.00613,0.02271,-0.02502,-0.01658,0.00181,0.02542,0.01242,0.22161,0.04686,0.00000,0.03888,0.03074,-0.00425,-0.01529,-0.06819,0.01242,0.00714,0.00000
2019-11,0.01623,-0.02159,-0.02568,-0.01149,0.00667,0.01778,0.03656,0.01057,0.02220,0.03533,0.00000,0.01135,0.02093,-0.00452,-0.00326,-0.04940,0.01057,-0.02329,0.00000
2019-12,0.01849,-0.00601,-0.04627,-0.01206,0.00658,0.02216,0.04304,0.01986,0.02606,0.02855,0.00000,0.01253,0.03044,-0.00038,0.01030,-0.05067,0.01986,-0.02752,0.00000
2020-01,0.02507,-0.02301,-0.04547,-0.02218,-0.00349,0.02590,0.04843,0.02292,0.02447,0.02355,0.00000,0.01595,0.02985,-0.00111,0.00705,-0.04488,0.02292,-0.02065,0.00000
2020-02,0.01635,-0.00825,-0.04098,-0.01400,0.00969,0.02413,0.05311,0.02858,0.02885,0.02318,0.00000,0.01458,0.02847,-0.00173,0.01040,-0.05274,0.02858,-0.03085,0.00000
2020-03,0.02460,-0.02313,-0.10306,-0.02015,0.00307,0.02656,0.05021,0.02679,0.02295,0.01943,0.00000,0.01628,0.03204,-0.00029,0.00457,-0.04649,0.02679,-0.02017,0.00000
2020-04,0.01698,-0.00090,-0.06655,-0.00727,0.00619,0.01714,0.03388,0.01419,0.01795,0.02548,0.00000,0.01009,0.02004,-0.00312,0.00255,-0.04626,0.01419,-0.02150,0.00000
2020-05,0.01249,0.00192,-0.04535,-0.00446,0.00963,0.01094,0.02729,0.01278,0.01635,0.02513,0.00000,0.00763,0.02022,-0.00181,0.00781,-0.04227,0.01278,-0.02217,0.00000
2020-06,0.01570,-0.01230,-0.03897,-0.00879,0.00974,0.02203,0.03299,0.01119,0.01781,0.03451,0.00000,0.00966,0.02107,-0.00396,0.00718,-0.05031,0.01119,-0.01908,0.00000
2020-07,0.01772,-0.02519,-0.02825,-0.00843,0.00780,0.02158,0.04638,0.01305,0.02090,0.03202,0.00000,0.01292,0.02468,-0.00358,-0.00266,-0.04951,0.01305,-0.02648,0.00000
2020-08,0.01231,0.00740,-0.04009,-0.00567,0.01135,0.01445,0.03483,0.01156,0.01357,0.03509,0.00000,0.00797,0.01618,-0.00398,0.00993,-0.04291,0.01156,-0.02359,0.00000
2020-09,0.01374,-0.02190,-0.05890,-0.01670,0.00523,0.01862,0.03425,0.01988,0.01809,0.02910,0.00000,0.01070,0.02012,-0.00252,0.00091,-0.04249,0.01988,-0.02372,0.00000
2020-10,-0.04102,-0.01178,0.00843,0.01300,0.01767,-0.02700,-0.05508,0.00609,-0.01370,-0.02822,0.00000,-0.02620,-0.00001,0.01305,0.06524,0.03087,0.00609,0.00833,0.00000
2020-11,-0.03591,-0.01300,-0.00082,0.00211,0.00528,-0.00785,-0.01195,0.00786,-0.00071,-0.02326,-0.00885,-0.02581,0.00982,0.00975,0.02257,0.02401,0.00786,0.01869,0.00000
2020-12,-0.03464,-0.00452,-0.00368,0.00649,-0.00003,-0.01015,-0.00288,0.00590,0.00197,-0.01681,-0.01172,-0.02473,0.00743,0.00924,0.02053,0.02683,0.00590,0.02032,0.00000
2021-01,-0.04128,0.00404,-0.00907,0.01242,0.00260,-0.00916,-0.01689,-0.00269,-0.00569,-0.01870,-0.00493,-0.02922,0.00350,0.00452,0.02242,0.02539,-0.00269,0.01798,0.00000
2021-02,-0.03886,-0.01215,-0.00816,0.01030,0.00320,-0.00791,-0.01087,-0.00711,-0.00760,-0.02190,-0.01144,-0.02685,0.00389,0.00387,0.02092,0.02529,-0.00711,0.02107,0.00000
2021-03,-0.03824,-0.01104,-0.00291,0.00740,0.00749,-0.01390,-0.00619,-0.00499,-0.01171,-0.02918,-0.00897,-0.02760,0.00873,0.00887,0.02181,0.02219,-0.00499,0.02536,0.00000
2021-04,-0.03791,-0.00036,-0.00920,0.00118,0.00682,-0.01267,-0.01002,0.00340,-0.00180,-0.01746,-0.00868,-0.02644,0.00553,0.00737,0.02193,0.02374,0.00340,0.02056,0.00000
2021-05,-0.04218,-0.02357,-0.02746,0.00938,0.00767,-0.01232,-0.01200,-0.00652,-0.00580,-0.02727,0.00073,-0.03184,0.00503,0.00211,0.02368,0.02792,-0.00652,0.02312,0.00000
2021-06,-0.04006,0.00637,-0.02439,0.00991,0.00795,-0.00767,-0.01082,-0.00248,-0.00617,-0.02121,-0.01133,-0.02669,0.00793,0.00463,0.02154,0.02148,-0.00248,0.02185,0.00000
2021-07,-0.04228,-0.00968,-0.01365,0.00074,0.00165,-0.00641,0.00046,-0.00651,-0.00997,-0.03565,-0.01108,-0.02132,0.01069,0.00719,0.02205,0.02182,-0.00651,0.03050,0.00000
2021-08,-0.04176,0.00445,-0.00066,0.00214,0.00529,-0.00566,-0.00132,-0.00535,-0.00293,-0.03130,-0.00908,-0.02896,0.00850,0.00702,0.02344,0.02671,-0.00535,0.03030,0.00000
2021-09,-0.04043,0.02019,-0.00149,0.00635,0.00284,-0.00607,-0.00424,-0.00717,-0.00471,-0.03215,-0.00997,-0.02737,0.00634,0.00294,0.02357,0.02627,-0.00717,0.02917,0.00000
2021-10,0.44181,0.03942,-0.10421,-0.42239,-0.03770,-0.07174,-0.23368,0.02673,-0.10350,0.37026,0.16413,0.31948,-0.16140,-0.05884,-0.14773,-0.36661,0.02673,-0.48609,0.00000
2021-11,0.35159,-0.00896,-0.20273,-0.40499,0.37478,-0.36876,0.34557,-0.02323,0.07012,-0.19740,0.00000,0.33247,0.11327,-1.01339,-0.02297,-0.49956,-0.02323,-0.00216,0.00000
2021-12,0.35306,0.04806,-0.26249,-0.38676,0.06281,-0.34932,0.39016,-0.12686,-0.04682,-0.01902,0.00000,0.39480,-0.01249,-0.28184,-0.00625,-0.50724,-0.12686,0.06127,0.00000
2022-01,0.32450,-0.07784,-0.21361,-0.39689,0.08695,-0.34756,0.36596,-0.11674,-0.02972,-0.09506,0.00000,0.36874,-0.01910,-0.26670,0.00838,-0.48327,-0.11674,0.05514,0.00000
2022-02,0.33689,-0.08827,-0.22349,-0.41635,0.06846,-0.34668,0.32229,-0.12174,-0.02548,-0.12233,0.00000,0.32209,-0.04802,-0.27576,0.00424,-0.46128,-0.12174,0.04298,0.00000
2022-03,0.37577,-0.02109,-0.16455,-0.40531,0.03705,-0.30929,0.33941,-0.09824,-0.02477,-0.03090,0.00000,0.37106,0.00450,-0.24508,-0.00372,-0.48236,-0.09824,0.06185,0.00000
2022-04,0.38678,-0.14202,-0.23016,-0.45983,-0.05698,-0.31145,0.32684,-0.12867,-0.06604,0.00612,0.00000,0.36067,-0.04635,-0.26847,-0.02963,-0.45854,-0.12867,0.06129,0.00000
2022-05,0.40506,0.33184,-0.07182,-0.47757,-0.05067,-0.27403,0.29527,-0.10977,-0.09264,-0.07037,0.00000,0.35060,-0.05608,-0.25020,0.00933,-0.45848,-0.10977,0.11413,0.00000
2022-06,0.38858,0.05922,-0.14189,-0.46917,-0.02983,-0.30682,0.33197,-0.08577,-0.07677,-0.14845,-514.91025,0.39167,0.02741,-0.22988,0.01342,-0.48032,-0.08577,0.23285,0.00000
2022-07,0.34521,-0.05315,-0.13769,-0.44642,-0.12635,-0.30280,0.36314,-0.11358,-0.02800,0.02212,0.00000,0.34646,-0.03450,-0.26487,0.07648,-0.62387,-0.11358,0.09713,0.00000
2022-08,0.34665,-0.08304,-0.07452,-0.50363,-0.10983,-0.25944,0.38135,-0.10483,-0.06951,0.01437,30.25045,0.31971,-0.01367,-0.24533,0.06566,-0.50902,-0.10483,0.09220,0.00000
2022-09,0.31146,-0.07272,-0.08510,-0.47336,-0.11131,-0.25536,0.36282,-0.12158,-0.08516,-0.02873,0.00000,0.32547,-0.02032,-0.26964,0.03105,-0.64681,-0.12158,0.15331,0.00000
2022-10,-0.00254,0.04403,0.03802,0.00397,0.01785,0.02701,0.00093,0.05020,0.06389,0.02130,0.02950,-0.00836,0.05067,0.04448,-0.02163,0.01392,0.05020,-0.05857,0.00000
2022-11,-0.00700,0.03325,0.02068,-0.00814,0.05468,0.01290,0.02355,0.05068,0.05065,0.05484,0.00944,0.01257,0.07222,0.06783,0.04302,0.01538,0.05068,0.03346,0.00000
2022-12,0.00269,0.02132,0.01930,0.02641,0.05355,0.00838,0.01976,0.04953,0.04951,0.05502,0.01008,0.00991,0.06983,0.06634,0.04201,0.03549,0.04953,0.02989,0.00000
2023-01,-0.01323,0.04818,0.01820,0.01007,0.05290,0.00978,0.01925,0.04834,0.04831,0.05545,0.01441,0.00697,0.06845,0.06573,0.04488,0.02923,0.04834,0.03165,0.00000
2023-02,-0.00451,0.03158,0.02592,0.00176,0.05594,0.00323,0.01607,0.05140,0.05137,0.05096,0.01440,0.00666,0.07276,0.06932,0.04631,0.01625,0.05140,0.02938,0.00000
2023-03,0.00005,0.02554,0.02035,-0.01781,0.05521,0.01458,0.02349,0.05099,0.05098,0.05417,0.01515,0.01072,0.07205,0.06872,0.04994,0.00988,0.05099,0.03117,0.00000
2023-04,0.00402,0.01545,0.03022,-0.00479,0.05131,0.02193,0.03062,0.04794,0.04791,0.05999,0.01268,0.01863,0.06905,0.06463,0.04089,0.01799,0.04794,0.03798,0.00000
2023-05,0.01045,0.03383,0.03749,0.01209,0.05000,0.01224,0.02875,0.04819,0.04817,0.06309,0.01785,0.02276,0.07044,0.06478,0.04170,0.01487,0.04819,0.03934,0.00000
2023-06,0.00175,-0.00870,0.03148,-0.00504,0.05328,0.01142,0.02346,0.04929,0.04927,0.05294,0.01548,0.01496,0.07039,0.06621,0.04410,0.01237,0.04929,0.03229,0.00000
2023-07,0.00372,0.03371,0.01534,-0.01446,0.05728,0.00616,0.02221,0.05300,0.05298,0.05072,0.01582,0.01871,0.07488,0.07078,0.04451,0.00752,0.05300,0.02990,0.00000
2023-08,0.00310,0.02272,0.02469,-0.01060,0.05613,0.00509,0.01693,0.05245,0.05243,0.04664,0.01408,0.00739,0.07519,0.07139,0.04516,0.01251,0.05245,0.00943,0.00000
2023-09,0.00653,0.01255,0.03794,0.00044,0.05024,0.00869,0.02151,0.04667,0.04665,0.05454,0.01466,0.01279,0.06649,0.06214,0.04131,0.01050,0.04667,0.03102,0.00000
2023-10,-0.02586,0.02221,0.02821,0.01618,0.11046,0.03565,0.03480,0.10745,0.10741,0.07490,0.01659,0.00896,0.15640,0.14384,0.09499,0.05223,0.10745,0.02301,0.00000
2023-11,-0.02945,-0.00477,-0.05060,0.02890,0.09879,0.05199,-0.00992,0.10330,0.10350,0.03483,0.03125,-0.01563,0.11603,0.13521,0.10884,-0.03729,0.10330,-0.04911,0.00000
2023-12,-0.03271,-0.06286,-0.02370,0.02841,0.10138,0.06149,-0.00620,0.10707,0.10727,0.03059,0.04683,-0.01866,0.12006,0.13868,0.11166,-0.05955,0.10707,-0.04859,0.00000
2024-01,-0.03647,-0.03706,-0.03875,0.03337,0.09730,0.06182,-0.00767,0.10432,0.10452,0.02877,0.05149,-0.02142,0.11744,0.13597,0.11138,-0.04128,0.10432,-0.04853,0.00000
2024-02,-0.02616,-0.02367,-0.02740,0.03034,0.10220,0.04590,-0.00926,0.10490,0.10509,0.03335,0.02973,-0.02325,0.11764,0.13726,0.11166,-0.06100,0.10490,-0.04825,0.00000
2024-03,-0.03057,-0.01940,-0.00115,0.04053,0.10016,0.04856,-0.01039,0.10470,0.10488,0.05600,0.03897,-0.01988,0.11720,0.13484,0.10949,-0.05364,0.10470,-0.04954,0.00000
2024-04,-0.02639,-0.07533,-0.06681,-0.00256,0.10518,0.05730,-0.00306,0.10542,0.10560,0.02108,0.03591,-0.01779,0.11777,0.13721,0.11387,-0.07478,0.10542,-0.04847,0.00000
2024-05,-0.03055,-0.02570,-0.04111,-0.02035,0.10271,0.05437,-0.00474,0.10388,0.10406,0.04277,0.04415,-0.01662,0.11683,0.13559,0.11459,-0.05876,0.10388,-0.04630,0.00000
2024-06,-0.02992,-0.03327,-0.03538,-0.01153,0.10166,0.06018,-0.00605,0.10322,0.10340,0.02322,0.04880,-0.01187,0.11575,0.13433,0.11021,-0.05915,0.10322,-0.04759,0.00000
2024-07,-0.01936,-0.03393,-0.07156,-0.04229,0.10512,0.06440,0.00450,0.10383,0.10404,0.02867,0.03278,-0.00661,0.11751,0.13582,0.11548,-0.09165,0.10383,-0.04079,0.00000
2024-08,-0.02990,-0.00613,-0.01344,0.00869,0.10547,0.05673,-0.00475,0.10292,0.10314,0.04478,0.03092,-0.01243,0.11624,0.13466,0.11350,-0.08031,0.10292,-0.04984,0.00000
2024-09,-0.02398,-0.01583,-0.02692,-0.00532,0.10240,0.05926,-0.01069,0.10364,0.10386,0.03250,0.02794,-0.01751,0.11746,0.13561,0.11453,-0.05713,0.10364,-0.05135,0.00000
2024-10,-0.74819,0.30141,-0.47549,0.40018,1.01994,0.73000,-0.08072,1.06977,1.07201,0.33193,0.40729,-0.17007,1.21274,1.39320,1.10530,-0.09130,1.06977,-0.12266,0.00000
2024-11,-0.39747,0.16306,-0.11433,0.61293,-0.11831,0.23596,-0.08616,-0.84504,-0.88798,-0.85107,0.00729,-0.66179,-0.41924,-0.11887,0.49458,2.88953,-0.84504,-8.33422,0.00000
2024-12,-0.35306,-0.03564,0.03556,0.81155,-0.02752,0.24595,-0.04190,-0.76266,-0.69987,-0.59454,0.00279,-0.64813,-0.34869,-0.10977,0.52535,2.35984,-0.76266,-8.96842,0.00000
2025-01,-0.32947,0.21388,0.14238,0.82975,-0.05365,0.21751,-0.00032,-0.64989,-0.56094,-0.62465,-0.00339,-0.66667,-0.34878,-0.07788,0.56820,2.33226,-0.64989,-11.05299,0.00000
2025-02,-0.58415,-0.01506,0.10392,0.82170,-0.42224,0.29739,-0.12467,-1.32271,-1.51990,-1.40748,-0.06289,-0.97081,-0.56535,-0.16178,0.56626,1.00799,-1.32271,-12.59468,0.00000
2025-03,-0.64119,0.27941,0.14055,0.81462,-0.47623,0.29570,-0.20081,-1.56800,-1.64909,-1.51486,-0.06707,-1.04040,-0.55870,-0.26469,0.54597,1.06453,-1.56800,-12.08912,0.00000
2025-04,-0.59688,-0.07056,0.02077,0.76615,-0.44131,0.19330,-0.12208,-1.37881,-1.43143,-1.39128,-0.05741,-0.97389,-0.59180,-0.16628,0.53039,1.05006,-1.37881,-13.10952,0.00000
2025-05,-0.62227,-0.17339,0.07783,0.72861,-0.49189,0.30695,-0.19690,-1.63333,-1.70936,-1.45381,-0.05961,-1.03380,-0.61044,-0.21302,0.53425,1.06283,-1.63333,-11.38634,0.00000
2025-06,-0.58258,-0.02899,-0.02106,0.81255,-0.45919,0.29113,-0.22352,-1.46284,-1.59763,-1.40337,-0.06645,-1.04194,-0.62578,-0.19301,0.53227,1.03037,-1.46284,-12.21616,0.00000
2025-07,-0.58881,-0.05577,0.30487,0.60210,-0.38706,0.27122,-0.16020,-1.24190,-1.28093,-1.18149,-0.03543,-0.95236,-0.56699,-0.16957,0.53667,0.91342,-1.24190,-13.27389,0.00000
2025-08,-0.54026,0.34111,0.29085,0.78823,-0.26408,0.21551,-0.11413,-1.20691,-1.32304,-1.18433,-0.01212,-0.96286,-0.53710,-0.13942,0.58455,0.92263,-1.20691,-13.94976,0.00000
2025-09,-0.55691,0.20533,0.26895,0.82323,-0.30749,0.18729,-0.08278,-1.18615,-1.28999,-1.24451,-0.02606,-0.95435,-0.53432,-0.15157,0.57839,0.91845,-1.18615,-13.88591,0.00000
