year,month,Mkt_RF,ME,IA,ROE
2014,10,0.009448,0.030769,0.037687,0.043905
2014,11,0.032241,-0.168690,-0.022245,-0.020835
2014,12,0.026916,-0.027897,0.063037,-0.023779
2015,1,0.067328,-0.040699,-0.050436,-0.050156
2015,2,-0.028125,-0.067074,-0.012000,-0.009257
2015,3,-0.108074,-0.000104,-0.019228,0.009182
2015,4,0.079902,-0.001808,0.012571,0.030725
2015,5,-0.012786,0.028952,0.007182,-0.056439
2015,6,0.069463,0.069628,0.033631,-0.115129
2015,7,0.022371,0.053011,0.007113,-0.055165
2015,8,-0.008066,0.026298,-0.063935,0.023465
2015,9,-0.071211,-0.030533,-0.093824,0.033582
2015,10,0.052199,-0.046627,-0.014701,-0.023216
2015,11,-0.051884,-0.004751,0.035265,-0.054392
2015,12,0.006193,-0.008176,-0.010210,0.076840
2016,1,-0.023371,-0.047529,0.011658,-0.000488
2016,2,-0.032747,-0.035078,0.028786,-0.016990
2016,3,0.049262,0.010291,-0.010657,0.041354
2016,4,0.033509,0.108931,0.025043,0.006748
2016,5,0.040681,0.021191,-0.030209,0.003701
2016,6,0.024153,-0.067955,0.016591,0.046956
2016,7,0.037281,-0.063161,0.005683,0.037889
2016,8,0.018162,0.063389,0.008726,-0.048870
2016,9,0.032470,0.067125,0.029381,-0.111332
2016,10,-0.021888,-0.051568,-0.005117,nan
2016,11,0.100564,0.038227,0.014987,-0.000650
2016,12,0.101222,-0.064769,0.024430,0.043749
2017,1,0.028408,0.009624,-0.069097,-0.136905
2017,2,-0.015581,-0.023710,-0.059329,-0.092412
2017,3,0.001761,0.033455,-0.010736,-0.051241
2017,4,0.031110,-0.012517,-0.008272,-0.031717
2017,5,0.025872,0.035907,0.018839,-0.054991
2017,6,-0.081121,-0.039831,0.019247,-0.015582
2017,7,0.019516,-0.045715,-0.014158,-0.016756
2017,8,-0.091392,-0.004861,-0.044301,0.068147
2017,9,0.015390,0.012275,0.064278,0.036260
2017,10,-0.074026,0.039978,0.034172,0.051552
2017,11,0.015036,-0.066938,0.001719,-0.039065
2017,12,0.027120,-0.089867,0.024961,0.065387
2018,1,0.068823,0.004812,-0.041168,-0.036140
2018,2,-0.005956,0.012749,0.017627,0.014710
2018,3,0.031410,-0.030883,0.097342,0.016486
2018,4,0.012248,0.080188,0.018459,-0.043271
2018,5,-0.044573,-0.037549,0.004657,-0.061134
2018,6,-0.025477,-0.033878,0.010355,0.048358
2018,7,0.003976,0.068086,0.006195,0.001766
2018,8,-0.004530,0.100512,0.054467,-0.132174
2018,9,-0.057324,-0.007891,-0.001497,-0.058643
2018,10,-0.019057,-0.003097,-0.022913,-0.004250
2018,11,-0.043932,0.006512,0.000552,0.083890
2018,12,-0.045423,0.019920,-0.055321,0.050982
2019,1,0.043583,-0.092262,0.035983,-0.093055
2019,2,-0.046809,-0.033493,0.007203,0.045703
2019,3,-0.017502,-0.082335,0.020961,0.002661
2019,4,-0.067215,0.046720,0.011635,0.052170
2019,5,-0.054574,-0.089960,0.015660,-0.014853
2019,6,-0.047229,0.086733,-0.009692,0.129378
2019,7,-0.092230,0.000500,0.024455,0.049279
2019,8,-0.051369,0.051360,0.008608,0.114421
2019,9,0.073221,-0.015803,0.036641,-0.003041
2019,10,0.023929,0.089957,-0.006405,-0.052603
2019,11,0.130481,0.066199,0.071887,-0.148384
2019,12,0.051105,-0.068125,0.037166,0.038525
2020,1,-0.009912,0.012659,0.016837,-0.051439
2020,2,-0.115273,0.043878,-0.023227,0.067483
2020,3,-0.163799,0.025178,0.066419,0.058257
2020,4,0.163452,0.004105,-0.111593,-0.056497
2020,5,0.027506,0.026796,-0.005444,-0.098873
2020,6,0.000660,-0.019900,-0.024382,-0.022705
2020,7,0.115536,-0.042118,0.012601,-0.037162
2020,8,0.086196,-0.119766,-0.008389,0.028839
2020,9,-0.001507,0.033275,0.050232,-0.005128
2020,10,-0.043622,0.109760,0.001771,0.004930
2020,11,0.018313,0.035469,0.005004,-0.035274
2020,12,0.069413,0.044507,-0.004273,-0.148179
2021,1,0.041361,0.009153,-0.029140,-0.012913
2021,2,-0.007527,0.021100,0.029553,-0.004081
2021,3,-0.049995,-0.055630,-0.022874,-0.029443
2021,4,-0.027314,0.099483,-0.022302,0.010093
2021,5,0.071117,0.049125,0.035569,-0.098210
2021,6,0.004567,0.080262,0.019659,-0.008273
2021,7,-0.003878,0.025280,-0.028016,0.006922
2021,8,0.000354,-0.007108,-0.043459,-0.021491
2021,9,-0.081214,-0.057894,-0.000225,0.048219
2021,10,0.004562,-0.004334,-0.016226,0.046328
2021,11,-0.037849,-0.012039,0.031433,-0.013207
2021,12,-0.011026,-0.008504,-0.024282,0.039948
2022,1,0.004914,0.028277,0.016893,0.041729
2022,2,-0.025753,-0.049415,0.002147,-0.024993
2022,3,-0.013294,0.019106,0.038948,-0.010594
2022,4,-0.019898,-0.015002,0.012921,0.079809
2022,5,-0.055445,0.039489,0.005754,0.020166
2022,6,-0.012155,-0.014409,0.005601,-0.014033
2022,7,-0.046050,-0.010395,-0.013630,-0.010096
2022,8,0.040873,0.002955,-0.027783,-0.034043
2022,9,-0.048692,-0.020396,0.013260,-0.057041
2022,10,-0.029539,0.047729,-0.048277,0.026543
2022,11,0.002397,0.048321,0.007423,0.044524
2022,12,-0.045390,-0.051497,-0.020090,-0.043062
2023,1,-0.016654,0.067693,-0.002052,0.143717
2023,2,-0.052982,0.085021,0.034646,0.014003
2023,3,-0.028016,0.004658,0.066462,-0.126747
2023,4,0.011502,-0.007557,-0.020836,0.020097
2023,5,0.009347,-0.019812,-0.099088,0.108990
2023,6,-0.051605,0.028239,0.039756,-0.089425
2023,7,0.112862,-0.137874,0.041498,-0.086361
2023,8,-0.085489,0.067463,0.018352,0.060950
2023,9,0.013394,-0.020873,0.029575,-0.048908
2023,10,0.084203,-0.094296,0.138014,-0.060796
2023,11,0.157916,-0.017294,0.022064,-0.094964
2023,12,0.035784,-0.135570,0.042516,0.035071
2024,1,-0.010865,0.041213,-0.018457,0.069525
2024,2,0.001751,-0.033320,0.015628,-0.027789
2024,3,0.011086,0.009456,0.040251,-0.004511
2024,4,0.034108,-0.017923,0.023316,-0.004959
2024,5,0.029705,-0.059877,0.041755,-0.057169
2024,6,-0.010245,-0.013747,0.085623,-0.030393
2024,7,-0.027914,0.096290,0.034753,0.021327
2024,8,0.079860,-0.029986,0.040360,0.014510
2024,9,-0.019160,-0.011540,0.048461,-0.031469
2024,10,0.107716,-0.139656,-0.078090,-0.052948
2024,11,0.116640,-0.062339,0.010058,0.046759
2024,12,0.145343,-0.145728,-0.023625,0.107992
2025,1,-0.026513,0.002746,-0.026535,0.023188
2025,2,0.024592,-0.025359,-0.012297,0.076100
2025,3,0.034915,-0.123774,-0.020679,-0.046475
2025,4,-0.094578,0.083449,-0.008727,-0.051269
2025,5,0.065747,0.137779,0.008046,-0.079103
2025,6,0.029549,0.073049,0.033090,-0.082690
2025,7,0.074552,-0.087082,-0.003654,0.000032
2025,8,0.049598,-0.003040,0.005688,-0.063630
2025,9,0.091894,-0.044735,-0.042923,-0.019576
2025,10,-0.051222,0.047269,0.041707,0.022174
2025,11,0.025416,-0.030472,0.022374,-0.012695
2025,12,0.039978,-0.030883,-0.009038,-0.080998
2026,1,0.049602,-0.061554,0.041303,-0.042837
2026,2,-0.105850,-0.016447,-0.009570,-0.003961
2026,3,-0.111844,0.079050,-0.008832,-0.024746
2026,4,0.086978,-0.006206,0.041919,-0.130039
2026,5,0.067598,-0.067766,-0.011111,-0.068074
2026,6,0.037629,0.095142,-0.070176,-0.064323
2026,7,-0.044454,0.022421,0.048546,0.026893
2026,8,0.000974,-0.003661,0.003214,-0.005566
