window,alpha
0,0.21410184
0,-0.04048838
0,-0.05038619
0,0.09454386
0,0.17118940
0,0.00832013
0,0.02090229
0,0.17918618
0,0.15929103
0,0.08119184
0,0.00898885
0,0.22539850
0,0.06659705
0,0.08425740
0,0.06628202
0,0.14291957
0,0.07405814
0,0.17194619
0,0.18597034
0,0.09466179
0,0.10721226
0,0.18848506
0,-0.03112166
0,0.24220840
0,-0.03198064
0,0.14122879
0,0.06604072
0,0.28143721
0,0.08002152
0,0.06564615
0,-0.04367514
0,0.13288943
0,-0.02154716
0,0.23395572
0,0.07578196
0,-0.03238833
0,0.00349686
0,0.00774209
0,0.11738954
0,0.26449287
0,-0.05610387
0,0.02519625
0,-0.08325213
0,0.00641616
0,0.00350657
0,0.22741493
0,-0.05627205
0,0.06077195
0,0.20460932
0,0.06306072
0,0.05675516
0,-0.08026619
0,0.06711558
0,0.05525929
0,0.03810788
0,0.02788775
0,0.07576926
0,0.02914441
0,0.04719894
0,0.01623817
0,0.02512135
0,0.04569984
0,0.01871114
0,-0.04093434
0,-0.00717371
0,0.05484350
0,0.03343943
0,-0.02275282
0,-0.04882295
0,0.07313695
0,0.03943749
0,0.01597794
0,0.02631678
0,0.01194989
0,0.07251126
0,0.10494287
0,0.10492719
0,0.00108887
0,0.04766573
0,0.03171004
0,0.02117772
0,0.09341809
0,0.03942379
0,-0.01445232
0,-0.06469586
0,0.09473616
0,0.05692313
0,0.02360588
0,0.02016149
0,-0.02261175
0,0.01864746
0,-0.00715438
0,0.05251991
0,0.02021229
0,0.05601743
0,-0.18890740
0,0.04463956
0,-0.00463695
0,0.07793197
0,0.05156501
0,0.09704625
0,0.03604585
0,0.11778834
0,-0.01493039
0,0.04179548
0,0.05205939
0,0.00236273
0,0.04883980
0,-0.00967333
0,0.10510697
0,0.12127584
0,0.33876069
0,-0.03556450
0,0.00282006
0,-0.04553791
0,0.06582058
0,-0.06348854
0,0.01581530
0,0.04683748
0,0.03376002
0,0.07580280
0,-0.02982955
0,0.01665002
0,0.01881662
0,0.17376450
0,-0.04995581
0,0.01953653
0,-0.02738089
0,0.04193737
0,0.13120348
0,0.12870273
0,0.11749628
0,0.12949154
0,0.06792790
0,0.11546447
0,-0.07453163
0,0.14573300
0,0.08569322
0,0.12477055
0,0.01182174
0,0.03792905
0,0.07673770
0,0.06598795
0,0.02368170
0,0.05559518
0,0.04005647
0,0.08543741
0,0.10539641
0,0.02594220
0,0.06960393
0,0.09098494
0,0.02043039
0,0.17048121
0,-0.05311012
0,0.05809929
0,0.13176765
0,-0.02384944
0,0.09826992
0,-0.00008371
0,0.07601436
0,0.04665171
0,0.05894188
0,-0.06709156
0,0.00384169
0,0.07128432
0,0.05071979
0,0.01987793
0,0.09426708
0,0.02050943
0,0.06939769
0,0.07936765
0,0.06217787
0,0.04912512
0,0.07043896
0,-0.11558673
0,0.10263047
0,0.05322878
0,0.26076434
0,-0.01872984
0,0.02930459
0,0.06471365
0,0.07058116
0,0.01012810
0,0.01696908
0,0.09908265
0,0.06436535
0,0.06550017
0,0.16085792
0,0.08496749
0,0.20858729
0,0.00416843
0,-0.04990950
0,-0.00081682
0,0.03865940
0,0.00342645
0,0.02735686
0,0.00324244
0,0.00649205
0,-0.03251027
0,0.04211477
0,0.08425756
0,-0.05189191
0,0.10819945
0,0.12751485
0,0.03409438
0,0.13379993
0,0.19176321
0,-0.06963444
0,0.10000084
0,-0.07218756
0,0.05091699
0,0.00663548
0,0.02231570
0,0.11400242
0,0.00374034
0,-0.02333247
0,0.00813561
0,0.22974394
0,0.09622166
0,0.07879254
0,0.02460966
0,0.10856115
0,-0.03548570
0,0.45808055
0,-0.02738955
0,-0.00293417
0,0.00170328
0,0.11989633
0,-0.08819206
0,0.06843782
0,-0.00623627
0,0.04157053
0,-0.03054869
1,0.17507450
1,0.00342987
1,0.04187207
1,0.03608718
1,0.01660906
1,-0.00121420
1,-0.02530614
1,-0.06671608
1,-0.00192955
1,0.04641184
1,0.09485336
1,-0.01330355
1,0.08553842
1,0.11425332
1,0.01100349
1,0.04862140
1,-0.00085604
1,0.06111425
1,0.14974696
1,0.03472696
1,0.12347951
1,0.01865077
1,0.00939546
1,0.07608371
1,0.03116961
1,0.07117168
1,0.07974063
1,0.03426144
1,0.08938599
1,0.03205540
1,0.03535568
1,0.08886258
1,0.16301163
1,-0.02551747
1,0.05791233
1,0.03796135
1,0.02486053
1,0.00371240
1,0.14806690
1,0.00630933
1,0.05378612
1,0.02305653
1,0.00239467
1,0.05437788
1,0.04974765
1,0.05842432
1,0.07077342
1,-0.02947076
1,0.09932287
1,0.02619876
1,0.08954414
1,0.03299700
1,0.00597153
1,-0.03837380
1,0.05646606
1,0.02580628
1,0.16606809
1,-0.01209291
1,0.05787001
1,0.01490067
1,-0.00164213
1,-0.02565482
1,-0.00599041
1,0.02554359
1,-0.00505155
1,0.00809481
1,-0.02655322
1,0.00520224
1,-0.02687118
1,-0.04058690
1,-0.00588188
1,-0.01670847
1,0.09512695
1,0.06252324
1,0.06569110
1,0.01916639
1,-0.01503465
1,0.04950461
1,-0.04348750
1,0.04157865
1,-0.02430542
1,-0.00574160
1,-0.01795569
1,-0.02524368
1,-0.01785568
1,-0.00350326
1,-0.00142921
1,0.00056350
1,-0.02919785
1,-0.03696218
1,-0.03144956
1,-0.04321853
1,-0.00055571
1,-0.01014196
1,0.00487060
1,-0.04231269
1,0.10181859
1,-0.03626675
1,0.00731139
1,0.06137942
1,-0.02595671
1,-0.01212272
1,-0.01267564
1,-0.05697515
1,-0.02131503
1,-0.09106029
1,0.04189892
1,-0.02396056
1,-0.01033637
1,0.04496425
1,0.03965844
1,0.01575441
1,0.00046599
1,-0.06226334
1,-0.01218105
1,0.00428690
1,-0.05511744
1,0.02918306
1,0.01653954
1,0.01581174
1,0.00163872
1,0.05438208
1,0.01628357
1,0.05776463
1,-0.01345799
1,0.06045864
1,0.11577672
1,-0.02419339
1,0.06021407
1,-0.01144870
1,0.11102168
1,0.01246852
1,0.02512926
1,-0.01276798
1,0.12068239
1,0.08465504
1,0.00885835
1,0.04246952
1,-0.00150132
1,0.03044942
1,0.01910114
1,0.03803232
1,0.00702313
1,0.02298194
1,0.09911669
1,0.03042990
1,-0.03471648
1,0.00723823
1,0.04430855
1,0.02433442
1,-0.00705490
1,-0.02414744
1,-0.04311044
1,-0.03571152
1,-0.03575451
1,-0.00299206
1,-0.01447748
1,0.00297787
1,-0.01645508
1,-0.04774080
1,0.04331576
1,0.12047735
1,-0.01905899
1,-0.01149792
1,0.01118377
1,0.02594990
1,-0.00718649
1,-0.00911625
1,-0.02823802
1,-0.02820717
1,-0.01450379
1,-0.02628359
1,-0.08067389
1,-0.00978429
1,-0.05133504
1,-0.01115568
1,0.02591231
1,0.06804107
1,-0.05204438
1,-0.01890441
1,0.10999251
1,0.03251136
1,-0.03018802
1,0.07680185
1,0.03770751
1,-0.02683264
1,0.04666330
1,0.06792941
1,0.00056378
1,0.08079512
1,0.02623404
1,0.06125642
1,0.14074949
1,-0.00898006
1,-0.01310316
1,-0.00107853
1,-0.01316105
1,0.07638512
1,0.00025493
1,0.02888919
1,0.00659534
1,-0.01292224
1,-0.01848430
1,-0.00370900
1,0.03076360
1,0.02138309
1,0.00192146
1,0.00930024
1,0.04761041
1,0.02124534
1,-0.03017947
1,0.00769722
1,-0.05267021
1,0.01282485
1,0.03187683
1,-0.03693192
1,0.08770476
1,-0.06341411
1,0.00039156
1,0.03866810
1,-0.00083604
1,-0.05289181
1,0.00634904
1,-0.04685688
1,-0.06009880
1,0.00346911
1,-0.03687631
1,-0.02692494
1,0.08121147
1,-0.03409599
1,0.05234981
1,0.03638906
1,0.01349984
1,-0.02652208
1,-0.01709468
1,0.05725666
2,-0.00762321
2,0.02628333
2,-0.02198497
2,0.14102738
2,0.06191544
2,-0.02530894
2,-0.01395531
2,-0.02021257
2,0.08342580
2,0.00418305
2,-0.00350592
2,-0.00124261
2,0.03011705
2,0.01797216
2,0.02835631
2,-0.00055663
2,0.03204770
2,0.10147677
2,0.03115642
2,0.08493786
2,0.02043915
2,0.03968685
2,0.02539723
2,0.05699291
2,-0.00659653
2,0.06619516
2,0.02815407
2,0.00289174
2,0.29865795
2,0.09675497
2,0.06950454
2,0.03269633
2,0.07696328
2,0.06344304
2,0.11661165
2,0.22658006
2,0.07576413
2,0.25899999
2,0.10795489
2,0.05021658
2,0.00232239
2,0.18021188
2,0.08961593
2,0.15439630
2,0.06475259
2,0.05361539
2,0.15787807
2,0.17005001
2,0.01656522
2,0.12243885
2,0.09309804
2,0.03056309
2,0.20382214
2,0.01417708
2,0.02860116
2,0.02679447
2,0.02535220
2,-0.01703703
2,0.06729552
2,0.06008288
2,-0.01203882
2,0.02348374
2,-0.02569334
2,0.06584358
2,0.05901832
2,0.13385353
2,0.00397521
2,0.03396910
2,0.07364991
2,0.04727582
2,0.18836002
2,0.01802792
2,0.07643370
2,-0.00472073
2,0.02635976
2,0.02672623
2,0.02909831
2,0.11667249
2,0.04236208
2,0.05678841
2,0.04067497
2,0.00564382
2,-0.01217722
2,-0.01339661
2,-0.00859627
2,-0.02463239
2,0.04084208
2,0.02084885
2,-0.04302356
2,0.06704239
2,0.05679503
2,-0.00305973
2,0.05929419
2,-0.01257326
2,-0.01418601
2,-0.03133896
2,-0.01981018
2,-0.01008401
2,0.03556716
2,-0.00540563
2,-0.00613600
2,-0.01344977
2,-0.00807245
2,-0.00644927
2,-0.00187883
2,0.04329604
2,-0.00750258
2,-0.01152484
2,-0.02161152
2,-0.00273363
2,0.02952298
2,0.09188140
2,0.10411099
2,0.01557947
2,-0.02065474
2,0.01190506
2,0.11020612
2,0.08625104
2,-0.02140424
2,0.03220570
2,0.04035492
2,-0.02650915
2,0.03588285
2,0.00728834
2,0.03644141
2,0.00696007
2,-0.00085220
2,0.03422139
2,-0.02604138
2,0.02432454
2,-0.03196138
2,0.01608622
2,0.02251918
2,0.06941860
2,-0.00938771
2,-0.00302198
2,-0.01117673
2,-0.00086098
2,0.00583006
2,0.03051258
2,-0.00281403
2,-0.01493902
2,-0.00357972
2,0.09275404
2,0.06529550
2,0.02294634
2,0.00807450
2,-0.00341056
2,0.10803347
2,0.20469065
2,-0.01290856
2,-0.04401527
2,0.05220366
2,0.08816615
2,-0.02863070
2,-0.03816001
2,0.09750847
2,0.10206690
2,0.00076281
2,-0.00632050
2,-0.03600853
2,-0.00586125
2,0.02677361
2,0.00495268
2,0.03540057
2,0.00664831
2,-0.00686233
2,0.05981041
2,0.01700411
2,0.02341514
2,0.01644959
2,0.04676091
2,0.03609039
2,0.07909501
2,-0.01602778
2,0.02885273
2,0.00605472
2,0.01926230
2,0.00465730
2,0.02731692
2,0.04200980
2,0.00288221
2,0.00881874
2,0.00467667
2,-0.06545586
2,0.07131084
2,-0.00917691
2,0.00376910
2,0.03323676
2,-0.00802940
2,0.01217535
2,0.07722399
2,0.00389317
2,0.03265977
2,0.01359690
2,0.10343754
2,0.11900237
2,0.01105982
2,0.02661920
2,0.05568190
2,-0.02941561
2,0.06951456
2,0.02599980
2,0.07642203
2,0.03815827
2,0.03945833
2,0.00786299
2,0.01842228
2,0.10922647
2,-0.01435634
2,0.04064492
2,0.04024000
2,0.00724803
2,0.03658413
2,0.12285412
2,0.00698648
2,0.00472684
2,0.01868897
2,0.11186508
2,0.09246239
2,0.02770531
2,-0.01327059
2,0.03363654
2,-0.01179315
2,-0.02219056
2,-0.04404830
2,0.06963460
2,-0.02970123
2,0.03719463
2,-0.01224209
2,0.00814894
2,0.10067536
2,0.00976072
2,-0.02030158
2,0.03631123
2,0.02339362
2,0.02734990
2,0.04430707
2,0.02303265
2,0.11194340
2,0.07539484
3,0.02677516
3,-0.00251680
3,0.12464969
3,0.00185324
3,0.01134304
3,0.00769032
3,-0.01479590
3,0.06831695
3,0.07232068
3,0.04441684
3,-0.01360840
3,0.02179545
3,0.02280966
3,0.08898756
3,0.02369632
3,0.01012023
3,-0.00128011
3,0.00416113
3,0.02512866
3,0.01633473
3,0.01894034
3,0.06254197
3,-0.00194184
3,0.01784196
3,0.02562891
3,0.01331407
3,0.08316664
3,-0.03066383
3,0.04482349
3,-0.02400864
3,0.01975770
3,0.01905678
3,0.03735506
3,0.01951041
3,0.04378576
3,0.00865958
3,0.01784372
3,-0.00410769
3,-0.00274707
3,0.01752023
3,0.04205057
3,0.06529162
3,-0.00131649
3,0.03848412
3,0.01459365
3,0.02201321
3,0.05213515
3,0.02340727
3,0.00615837
3,0.00375842
3,-0.01719561
3,0.04053467
3,0.01648662
3,-0.02299951
3,0.01038766
3,0.00784512
3,-0.00568566
3,-0.02461834
3,-0.00451979
3,-0.01303502
3,-0.01020722
3,-0.01183761
3,0.03588824
3,0.01403498
3,-0.01886711
3,0.00850403
3,-0.01545562
3,0.02878429
3,0.02359350
3,0.07734047
3,-0.03230170
3,-0.05912948
3,-0.01970834
3,0.01413700
3,0.00424155
3,-0.00568502
3,-0.01758112
3,0.00744633
3,0.02568800
3,0.02765686
3,0.04732151
3,-0.00650020
3,-0.01680027
3,-0.01603703
3,-0.00447583
3,0.04586484
3,-0.03255105
3,-0.00954460
3,0.01251213
3,0.03817413
3,-0.00991112
3,0.00154302
3,-0.00247870
3,-0.02149244
3,0.01594841
3,0.03773466
3,-0.06526536
3,0.01459346
3,-0.01458923
3,-0.01290507
3,-0.01519161
3,-0.05330882
3,0.00177225
3,-0.00977011
3,0.01761802
3,0.00182447
3,-0.01011273
3,-0.02644879
3,0.02037203
3,-0.11563642
3,0.02371890
3,0.00414865
3,0.03703719
3,0.02836505
3,0.01255954
3,0.00672455
3,-0.01481925
3,0.02340931
3,0.05390347
3,-0.02914316
3,0.03945495
3,-0.01281455
3,0.04874331
3,0.05605267
3,-0.04428316
3,0.03764923
3,0.02741340
3,0.09364553
3,0.00048627
3,-0.03522266
3,0.01882800
3,0.12159145
3,0.02423302
3,-0.00146686
3,0.02885289
3,-0.04894881
3,-0.01002757
3,-0.00292528
3,0.02732513
3,0.09266988
3,0.03601209
3,-0.00432173
3,0.01713572
3,-0.00717839
3,0.02252358
3,0.02048531
3,0.02790320
3,0.01641892
3,-0.00720396
3,-0.00081987
3,-0.06469191
3,0.00211919
3,0.00905024
3,0.15244800
3,-0.02085869
3,0.01750993
3,-0.01320590
3,-0.01598033
3,-0.06820492
3,0.01758498
3,-0.03305330
3,-0.01698314
3,0.01631403
3,0.05590075
3,-0.00525893
3,-0.02929602
3,0.02848710
3,-0.01225351
3,-0.00534523
3,0.01847508
3,-0.01778748
3,0.10756078
3,0.05014642
3,0.11207453
3,0.02047056
3,0.09091023
3,0.12480111
3,0.10344314
3,0.05177718
3,0.09793402
3,0.07175057
3,0.05272025
3,-0.01386259
3,-0.04070016
3,-0.01459186
3,0.00566406
3,0.09181816
3,-0.02467306
3,0.00576373
3,0.04527885
3,0.00556689
3,-0.00249982
3,0.03281081
3,-0.02106673
3,0.04176055
3,-0.00431839
3,-0.00789960
3,-0.00618201
3,0.00259663
3,0.00136581
3,-0.02260351
3,-0.00410462
3,0.02424795
3,0.00955689
3,0.12718436
3,-0.00140570
3,-0.00397411
3,-0.01120018
3,-0.02323124
3,0.02154909
3,-0.00256614
3,0.03406335
3,-0.01435526
3,0.09102642
3,0.04575221
3,0.00102631
3,0.03998266
3,0.03935276
3,0.01142221
3,0.10355625
3,0.01754428
3,-0.05583718
3,0.01048256
3,0.10448520
3,0.02386710
3,-0.02384299
3,-0.02392157
3,0.05609881
3,-0.01108215
3,-0.07082526
3,-0.00613951
3,0.00442724
3,0.14661043
3,-0.01176870
3,-0.02825315
3,0.02795312
3,0.12638471
3,0.00074349
3,0.03085953
3,-0.00600834
3,0.01888260
3,0.00042543
3,-0.00143891
3,0.04470366
3,-0.01443277
4,-0.05029592
4,0.00663569
4,-0.03967050
4,-0.00125566
4,-0.01676063
4,-0.03976227
4,-0.03891173
4,-0.02727718
4,-0.03465762
4,-0.02734471
4,0.02738189
4,-0.00693177
4,-0.01588680
4,-0.02605102
4,0.00156072
4,0.00136471
4,-0.01289840
4,-0.01559675
4,-0.04546322
4,-0.03536909
4,-0.04231415
4,-0.03254532
4,-0.01125814
4,-0.00996636
4,-0.03050819
4,-0.03399912
4,0.00044380
4,-0.04367976
4,-0.04543163
4,0.00312467
4,0.01467776
4,-0.00960812
4,-0.01171175
4,-0.02174630
4,0.03882860
4,-0.04701043
4,0.01177570
4,-0.00373009
4,-0.01866846
4,-0.05147993
4,0.04070694
4,-0.01548398
4,-0.06065710
4,-0.04982046
4,0.00425998
4,0.00864428
4,-0.04405971
4,-0.02696467
4,-0.00707520
4,0.02583954
4,0.00522102
4,-0.03827476
4,0.04988372
4,0.01082094
4,-0.01918387
4,-0.00555858
4,0.01596570
4,0.00299337
4,-0.01709257
4,-0.00257213
4,0.01771048
4,-0.01174870
4,-0.05652380
4,-0.00707547
4,0.00292310
4,-0.07078455
4,-0.01553530
4,-0.02108557
4,-0.02965825
4,0.05791537
4,-0.06008957
4,-0.02733202
4,-0.02559756
4,-0.08393915
4,-0.02765064
4,-0.04204431
4,-0.01588149
4,-0.05230199
4,0.00444087
4,-0.02316450
4,-0.02188972
4,-0.04104640
4,-0.02077142
4,-0.04683609
4,-0.01225605
4,-0.02322076
4,-0.04555819
4,-0.02724219
4,-0.04028169
4,-0.00035167
4,-0.01854500
4,-0.01814000
4,-0.02425951
4,-0.05738149
4,-0.03338102
4,-0.04612513
4,-0.03982563
4,-0.05417965
4,-0.03589325
4,-0.02165654
4,-0.01459665
4,-0.03044379
4,-0.00867896
4,0.02193945
4,-0.03559079
4,-0.00884135
4,0.01144180
4,-0.04815348
4,-0.04867836
4,-0.04874301
4,0.00940296
4,-0.00212352
4,-0.05192822
4,0.04222820
4,0.00701983
4,0.02097989
4,0.02416491
4,0.03771283
4,0.07297684
4,0.06484526
4,0.04555625
4,-0.06649896
4,-0.06437404
4,0.04566219
4,-0.04309561
4,0.04996882
4,-0.01273894
4,-0.02172531
4,0.04225171
4,0.03144323
4,0.03998656
4,-0.01116542
4,-0.00464299
4,0.02164806
4,-0.00267240
4,-0.07552933
4,-0.03778272
4,-0.02271860
4,-0.00709849
4,-0.00905648
4,-0.01079152
4,-0.02025520
4,0.06164625
4,-0.01730908
4,-0.00461758
4,-0.04018053
4,-0.01813971
4,-0.01131439
4,-0.00992760
4,-0.03277309
4,-0.02095884
4,-0.01461675
4,-0.02430639
4,-0.07214213
4,0.03123283
4,-0.00006627
4,0.09173931
4,-0.02337218
4,-0.02373113
4,-0.00837887
4,0.00025470
4,0.02565302
4,0.02918981
4,-0.02747592
4,0.01306530
4,-0.03957829
4,0.02105232
4,-0.06390510
4,0.01267566
4,0.03671055
4,-0.02990854
4,0.02281673
4,0.04107849
4,-0.01799454
4,-0.00896052
4,0.01782033
4,-0.02501574
4,0.00106590
4,-0.04690879
4,-0.02497975
4,-0.02103175
4,-0.01636646
4,-0.00923806
4,0.00118123
4,-0.01021855
4,-0.04369028
4,0.00845741
4,-0.01821881
4,-0.03980511
4,-0.04904028
4,0.02843507
4,-0.06534648
4,-0.01422100
4,0.00040417
4,0.00075787
4,-0.02423011
4,0.02828208
4,0.01462272
4,-0.00310792
4,-0.02800035
4,0.00541385
4,-0.00698841
4,-0.01721061
4,-0.03509430
4,0.01766123
4,0.02340716
4,0.04628602
4,0.00308785
4,-0.02380088
4,0.00965093
4,0.01164508
4,-0.03702558
4,0.02703463
4,-0.04432309
4,-0.04482177
4,-0.06180975
4,-0.04747160
4,-0.03677754
4,-0.01458080
4,0.00923573
4,-0.01569540
4,0.01737715
4,0.02540232
4,-0.00385184
4,-0.02566580
4,-0.05090062
4,0.00331017
4,0.00368079
4,-0.08889189
4,-0.03063563
4,0.00212024
4,-0.01148772
4,0.02658484
4,-0.03620725
4,-0.02513325
4,-0.01821016
4,-0.03335867
4,-0.02501437
4,-0.00497115
4,0.03069766
4,-0.04551276
4,0.02020698
4,-0.04707697
4,0.04621933
4,0.01046034
4,-0.01532164
4,-0.03565986
4,-0.04260503
4,0.05271748
4,-0.00660468
4,0.05296294
5,-0.17595202
5,-0.07726153
5,-0.16774499
5,-0.06781976
5,-0.15378007
5,-0.19185125
5,-0.07861663
5,-0.15175395
5,-0.12540212
5,-0.22596940
5,-0.24557568
5,-0.02874336
5,-0.09714149
5,-0.18421814
5,-0.17801941
5,-0.13616022
5,-0.12833671
5,-0.12192718
5,-0.15559429
5,-0.24844914
5,-0.08955422
5,-0.12991325
5,-0.13198739
5,-0.14355205
5,-0.15868365
5,-0.03064510
5,-0.12610335
5,-0.19801311
5,-0.08105423
5,-0.01482012
5,-0.13802078
5,-0.06330993
5,-0.08268880
5,-0.09654221
5,-0.18287908
5,-0.12260319
5,-0.07733537
5,-0.20629406
5,-0.18979106
5,-0.06536679
5,-0.18530062
5,-0.01757540
5,-0.13353903
5,-0.12400043
5,-0.24046754
5,-0.16982538
5,-0.08061275
5,-0.04804647
5,-0.09550800
5,-0.13216509
5,-0.10533035
5,-0.10318006
5,-0.11494500
5,-0.12134718
5,-0.12143518
5,-0.14860175
5,-0.09920253
5,-0.10525591
5,-0.21980641
5,-0.12173862
5,-0.12899723
5,-0.16631707
5,-0.09758343
5,-0.11261977
5,-0.31964428
5,-0.13737494
5,-0.05025068
5,-0.29112513
5,-0.08482408
5,-0.17937569
5,-0.06735563
5,-0.16741453
5,-0.01935852
5,-0.08580527
5,-0.09614027
5,-0.10659165
5,-0.18922957
5,-0.23657940
5,-0.13050815
5,-0.12440887
5,-0.24117805
5,-0.03940735
5,-0.06054202
5,-0.04553414
5,-0.07624959
5,-0.12877309
5,-0.05228841
5,-0.11714314
5,-0.05325088
5,-0.17580301
5,-0.15130621
5,-0.32833487
5,-0.11947221
5,-0.08088756
5,-0.08724702
5,-0.09364535
5,-0.15364387
5,-0.10461052
5,-0.13434838
5,-0.08751682
5,-0.19342118
5,-0.08293261
5,-0.09375425
5,-0.06663096
5,-0.15542348
5,-0.13513988
5,-0.04157458
5,-0.12327341
5,-0.15099950
5,-0.06514311
5,-0.14500222
5,-0.12928151
5,-0.14594851
5,-0.02593136
5,-0.08117991
5,-0.20727054
5,-0.05327641
5,-0.08716944
5,-0.04996641
5,-0.03939283
5,-0.05855199
5,-0.03630572
5,-0.20320273
5,-0.02227960
5,-0.16281986
5,-0.08929840
5,-0.03464656
5,-0.17939936
5,-0.00828398
5,-0.10604381
5,-0.05192068
5,-0.00223346
5,-0.05714733
5,-0.18720227
5,-0.18962193
5,-0.08816250
5,-0.02627673
5,-0.10781288
5,-0.20414323
5,-0.22916175
5,-0.15261150
5,-0.15556582
5,-0.04790821
5,-0.07928167
5,-0.05615544
5,-0.07989686
5,-0.18126614
5,-0.07209896
5,-0.25049396
5,-0.04563288
5,-0.00082004
5,-0.11456587
5,-0.15483240
5,-0.09876024
5,-0.13074280
5,-0.15820998
5,-0.09929469
5,-0.06749720
5,-0.00553257
5,-0.14265994
5,-0.05178350
5,-0.06050156
5,-0.10830922
5,-0.02850517
5,-0.02336104
5,-0.03384965
5,-0.06312990
5,-0.13949040
5,-0.13200758
5,-0.10737220
5,-0.10776163
5,-0.15229215
5,-0.25976758
5,-0.00898298
5,-0.06543874
5,-0.06502483
5,-0.03713176
5,-0.09830246
5,-0.15908253
5,-0.23826007
5,-0.10737613
5,-0.03387431
5,-0.16441428
5,-0.12548987
5,-0.11793289
5,-0.12887445
5,-0.17384774
5,-0.09002877
5,-0.09845518
5,-0.30029768
5,-0.11755973
5,-0.07663546
5,-0.17257716
5,-0.13766837
5,-0.03455285
5,-0.13209885
5,-0.07855322
5,-0.03101357
5,-0.05679433
5,-0.13224274
5,-0.01747335
5,-0.03091934
5,-0.09182126
5,-0.11976683
5,-0.12483325
5,-0.09135408
5,-0.08123814
5,-0.16152420
5,-0.04183832
5,-0.03130289
5,0.01011235
5,-0.00439487
5,-0.06419006
5,-0.09011244
5,-0.07670722
5,-0.14202114
5,-0.17744515
5,-0.00059979
5,-0.14411753
5,-0.03522040
5,-0.20176960
5,-0.07410239
5,-0.20045496
5,-0.16233956
5,-0.16698705
5,-0.10040510
5,-0.09332220
5,-0.11198145
5,-0.12452462
5,-0.13550497
5,-0.20199133
5,-0.19258755
5,-0.06091831
5,-0.14701101
5,-0.08585111
5,0.02364638
5,-0.01373467
5,-0.16686334
5,-0.02660081
5,-0.12593048
5,-0.08765568
5,-0.20689305
5,-0.13839563
5,-0.23047143
5,-0.09051197
5,-0.05057233
5,-0.13682261
5,-0.16265439
5,-0.08530906
5,-0.11264963
5,-0.03352564
5,-0.10948070
5,-0.15051653
5,-0.17003246
5,-0.03272289
5,-0.09666898
5,-0.03504329
6,-0.01388554
6,-0.04082681
6,0.08983466
6,0.04800584
6,0.02959637
6,-0.08856052
6,0.12370244
6,0.03045168
6,0.02008102
6,-0.06059328
6,0.06654955
6,0.03917507
6,0.19328627
6,0.04992419
6,-0.00175914
6,0.06715715
6,0.13154688
6,0.06698999
6,-0.01138324
6,0.03123106
6,0.02539103
6,-0.05027893
6,0.07736267
6,0.04318148
6,0.17257679
6,0.02057282
6,0.08059418
6,-0.00012889
6,-0.00114892
6,0.04006900
6,0.06890493
6,0.01183986
6,0.09051389
6,0.05010454
6,0.09916930
6,0.10209276
6,0.02513664
6,0.02001495
6,-0.11542949
6,0.09444188
6,0.12640073
6,0.05774238
6,0.04266427
6,-0.01507435
6,0.03063412
6,-0.01609824
6,0.01877811
6,0.20237816
6,-0.00952664
6,0.13675231
6,0.02324236
6,-0.06745616
6,-0.32960729
6,0.03727992
6,-0.01076789
6,0.01952990
6,0.01481050
6,-0.03477270
6,-0.03299028
6,-0.06080279
6,0.02120926
6,-0.06784128
6,-0.23217261
6,0.02574655
6,-0.03349505
6,0.04380319
6,-0.00421646
6,0.03156991
6,-0.05869298
6,0.00270565
6,-0.08799436
6,-0.08774966
6,0.05619540
6,0.03237307
6,0.05851777
6,0.07248559
6,-0.03119697
6,0.06741888
6,0.01733540
6,0.02925974
6,0.02094902
6,-0.04656159
6,-0.03522054
6,0.00229691
6,0.05647329
6,-0.04027742
6,0.00801119
6,0.02845507
6,0.01034418
6,0.04216214
6,-0.04515768
6,-0.00667161
6,0.06230159
6,-0.05734122
6,0.02959951
6,-0.05081407
6,0.10773805
6,0.13468727
6,0.03652132
6,-0.00273326
6,0.03697916
6,0.02277582
6,-0.07718828
6,0.11015393
6,-0.01425499
6,0.01474305
6,0.02244853
6,0.00915276
6,0.00560343
6,0.04425473
6,0.08150866
6,-0.07069868
6,0.05441617
6,0.05658893
6,0.06659397
6,0.00745431
6,-0.06317481
6,-0.08627280
6,-0.00316138
6,0.04775367
6,-0.03097482
6,-0.06851780
6,-0.10623404
6,-0.00203873
6,-0.07020211
6,-0.03540657
6,0.07427206
6,0.02395958
6,-0.01674243
6,0.15649364
6,0.02027739
6,0.02380023
6,-0.08427703
6,0.07729682
6,0.01054187
6,0.03178754
6,-0.11444353
6,0.05442619
6,0.04088422
6,0.03040483
6,0.02434088
6,-0.05564176
6,0.02461496
6,-0.05781866
6,0.06621767
6,-0.01527939
6,0.10103523
6,0.04995315
6,0.01064326
6,0.11178130
6,0.14571845
6,0.09489781
6,0.03604125
6,0.05913824
6,0.07375006
6,-0.15463615
6,0.03799362
6,-0.04600401
6,-0.00533142
6,0.01366449
6,0.15714371
6,0.07189932
6,0.02753521
6,0.07673770
6,0.08209667
6,0.03483642
6,-0.00250301
6,-0.00044626
6,-0.01558249
6,-0.00427159
6,-0.01476728
6,-0.03155378
6,0.00799745
6,0.00736427
6,-0.00698535
6,-0.04277852
6,-0.04585990
6,-0.09242506
6,0.08535274
6,0.03122760
6,-0.02203780
6,0.00876607
6,0.01893829
6,0.04615990
6,0.01786169
6,-0.00422504
6,0.01588418
6,0.18678421
6,0.04743579
6,0.03031045
6,0.05900042
6,0.03565889
6,0.07620578
6,-0.06823520
6,-0.00925702
6,-0.04881565
6,0.03471651
6,-0.05486453
6,-0.00676868
6,0.04811474
6,0.09037994
6,-0.03056305
6,0.20627049
6,-0.05378664
6,0.01873393
6,0.02774717
6,0.11423574
6,-0.02939333
6,0.08207659
6,0.05412121
6,0.11726161
6,0.08670115
6,0.00776191
6,0.03514319
6,-0.00014518
6,-0.07656184
6,-0.00412215
6,0.04274055
6,0.08890569
6,0.02892689
6,0.05851598
6,0.03185533
6,0.05116259
6,-0.06138685
6,0.00138071
6,0.17442261
6,-0.04342959
6,-0.00571438
6,0.07479940
6,0.04995246
6,0.05923583
6,0.02186016
6,-0.04129566
6,0.00074919
6,0.16657157
6,-0.04566408
6,0.03327233
6,-0.04975852
6,0.03359875
6,0.14223284
6,0.12600476
6,0.04744875
6,0.03584219
6,-0.04982265
6,0.08177036
6,0.03459405
6,-0.01738647
6,0.12437224
6,0.05491525
6,-0.02557184
6,0.13573369
6,0.23274770
6,0.02756189
6,0.09315445
6,0.01962099
6,-0.02446656
6,0.07049436
6,-0.00542117
6,0.03149142
6,0.07708511
6,0.02331786
6,-0.01107632
7,-0.10817709
7,0.25192770
7,0.10659263
7,-0.03599542
7,0.35722268
7,0.04768913
7,0.06696596
7,-0.14927750
7,0.10258684
7,0.06199351
7,0.23463861
7,-0.20210830
7,0.18848274
7,0.00019959
7,0.11907389
7,0.05579135
7,-0.24783256
7,0.18578679
7,-0.10716377
7,0.12478018
7,0.24282397
7,-0.06451287
7,-0.13444456
7,0.08506332
7,0.13161639
7,0.13139408
7,0.02977399
7,0.04934569
7,0.07652670
7,0.06585898
7,-0.06917274
7,0.10761558
7,0.02671644
7,-0.01882891
7,0.11888411
7,-0.04374082
7,0.06347262
7,0.23983826
7,0.22874356
7,0.08764494
7,0.19845859
7,0.10638672
7,-0.08997284
7,-0.02683249
7,0.07393735
7,0.08344117
7,-0.12799010
7,0.34453934
7,-0.04926496
7,0.22472061
7,-0.02999925
7,-0.22284673
7,0.01913731
7,0.03720404
7,0.01058145
7,0.00433125
7,-0.02605183
7,-0.15029889
7,0.04292785
7,0.15596754
7,0.01589525
7,-0.11958552
7,0.14400507
7,0.06761309
7,0.05337695
7,0.01396070
7,-0.00044886
7,0.20422636
7,-0.00197696
7,0.28832911
7,0.23832628
7,0.19426742
7,0.16242163
7,-0.02169258
7,0.08662671
7,0.18403995
7,0.09580870
7,0.19234089
7,0.05307255
7,0.16228316
7,0.19988705
7,0.18086749
7,0.03881085
7,0.16668100
7,0.17062998
7,0.08797697
7,0.01667886
7,0.28654325
7,0.15205032
7,-0.08440823
7,0.12748552
7,0.09766850
7,-0.15396634
7,0.17732586
7,0.00006286
7,0.02606289
7,0.04657812
7,-0.01546001
7,-0.06458755
7,0.11634963
7,0.16553709
7,0.14763205
7,-0.10688278
7,0.22204032
7,0.06734352
7,-0.09205206
7,0.11232443
7,0.01324924
7,-0.13893968
7,0.21636703
7,-0.26599405
7,0.07217356
7,0.16322694
7,0.24186921
7,0.16628148
7,0.04342224
7,0.17176196
7,0.23435494
7,0.07188652
7,0.10976621
7,0.10592534
7,0.12792226
7,0.02137177
7,-0.03427520
7,0.01654086
7,-0.07648106
7,0.08657738
7,0.01392046
7,0.08775819
7,-0.17354433
7,0.15183312
7,0.21667793
7,-0.00270024
7,0.08193755
7,0.10281255
7,0.15814028
7,0.15266285
7,0.15850209
7,0.02628375
7,-0.04719920
7,0.15055453
7,0.02874005
7,0.07396963
7,-0.01523090
7,0.02806526
7,-0.09960517
7,0.11760013
7,0.20455192
7,0.25878930
7,-0.07781948
7,-0.27186002
7,0.24895020
7,0.07967518
7,0.16396404
7,0.07420373
7,0.16008111
7,0.03569668
7,-0.02996294
7,0.13029774
7,0.17981335
7,0.08924527
7,0.13346593
7,0.12051187
7,0.01021930
7,0.13935137
7,0.05022797
7,0.16789544
7,0.09658673
7,0.07301096
7,0.21107018
7,0.01502580
7,0.06832567
7,0.01095982
7,0.02930724
7,0.23977579
7,0.18199198
7,0.05652467
7,-0.08446152
7,0.06282388
7,-0.17850907
7,0.09922386
7,-0.00294768
7,0.02505837
7,0.03407674
7,0.11189833
7,-0.03451934
7,0.13800128
7,-0.04222271
7,-0.02286133
7,0.18179745
7,-0.02348300
7,-0.00378628
7,0.14503146
7,-0.28518997
7,0.03369715
7,-0.05144195
7,0.05440716
7,-0.00672150
7,0.02000209
7,0.03360973
7,-0.12140042
7,0.12230877
7,0.08931072
7,0.02260714
7,-0.01867198
7,0.07184963
7,0.06593876
7,0.21144034
7,-0.01682780
7,0.10376423
7,0.18887369
7,-0.21382538
7,0.00438214
7,0.21431991
7,0.04479772
7,0.08143384
7,0.12131475
7,0.00970789
7,0.01173669
7,0.02990289
7,0.01747701
7,0.10987234
7,-0.00152654
7,0.16979280
7,0.13117662
7,0.09575653
7,0.06453501
7,0.06125092
7,-0.06599746
7,0.04465484
7,-0.21485714
7,-0.11090778
7,-0.02995280
7,0.10421116
7,-0.03129706
7,0.18218701
7,0.26585531
7,0.15029928
7,0.05666950
7,-0.08322904
7,0.25170871
7,0.03952039
7,-0.09312023
7,0.06361121
7,0.02272239
7,0.07744581
7,0.17742591
7,0.00407158
7,0.07727415
7,0.08356650
7,0.09761997
7,0.11149124
7,0.02961832
7,0.20725929
7,0.12882955
7,-0.30272962
7,-0.01239131
7,0.19088325
7,0.25365874
7,-0.01068197
7,0.30663706
7,0.04133718
7,0.03790338
7,0.19288358
7,0.09194166
7,-0.03800978
7,0.02083443
7,0.18492267
7,0.04322120
8,-0.06117111
8,-0.07208018
8,-0.04078671
8,-0.01561226
8,0.00518088
8,-0.01537884
8,-0.06720964
8,-0.03072181
8,-0.03666836
8,0.05331664
8,-0.12936109
8,-0.01461083
8,-0.06500220
8,-0.03916378
8,-0.00734791
8,0.00817141
8,-0.02251539
8,-0.03797883
8,0.00127164
8,-0.01900374
8,-0.04877408
8,-0.00281659
8,-0.01155336
8,-0.02752031
8,-0.04088793
8,-0.03566014
8,-0.00048555
8,-0.02203630
8,-0.06271464
8,-0.00733779
8,0.02721181
8,-0.03797271
8,-0.01252066
8,0.04712076
8,-0.03819806
8,-0.00695125
8,0.01551441
8,-0.05149538
8,-0.01005553
8,0.00306675
8,-0.03661002
8,-0.00111066
8,0.02910125
8,0.01197697
8,-0.03844908
8,0.02245565
8,-0.12369798
8,-0.02079819
8,0.00497609
8,0.00279913
8,-0.00011307
8,-0.02326369
8,-0.10330444
8,-0.03705838
8,-0.00404709
8,0.00324438
8,-0.02792316
8,-0.00925407
8,-0.05799139
8,0.08243290
8,-0.11099180
8,-0.00983069
8,0.00130013
8,-0.01434024
8,-0.03699174
8,0.03163682
8,-0.01682782
8,-0.02962700
8,-0.02096598
8,-0.01768563
8,0.00356635
8,-0.04532170
8,-0.02634419
8,-0.04162478
8,-0.00689131
8,-0.05832270
8,-0.00840596
8,0.01619511
8,-0.00913689
8,-0.06093835
8,-0.01743934
8,-0.03477637
8,-0.08647879
8,-0.01631218
8,-0.04109019
8,-0.00440785
8,0.00658133
8,-0.03359593
8,-0.03682695
8,-0.01116219
8,-0.06083921
8,-0.02709468
8,-0.16497974
8,0.00005127
8,-0.02203598
8,-0.03107635
8,-0.01618799
8,-0.05609600
8,-0.00254597
8,-0.06626547
8,-0.00743581
8,-0.01088440
8,-0.04075356
8,-0.03380997
8,-0.00731319
8,-0.01072071
8,0.00747007
8,0.01192127
8,0.00503132
8,-0.01865128
8,0.01189901
8,-0.01810287
8,0.00909102
8,-0.03535396
8,-0.01457376
8,-0.06587887
8,0.02465868
8,0.00395550
8,-0.01036156
8,-0.00014744
8,0.07060762
8,-0.01327684
8,0.00338816
8,-0.06983025
8,-0.02054116
8,0.00601326
8,0.01144180
8,-0.06807530
8,-0.05432992
8,-0.00220013
8,0.00230305
8,-0.04983385
8,-0.01066360
8,-0.01571636
8,-0.02883458
8,-0.08598485
8,-0.00812394
8,-0.03990157
8,-0.04105684
8,-0.03902804
8,-0.08657741
8,-0.01621326
8,-0.09013304
8,-0.16316504
8,0.01362721
8,-0.02898993
8,-0.14975548
8,-0.03289179
8,-0.02159823
8,0.00773644
8,-0.01942495
8,0.08078063
8,-0.03852607
8,-0.05718760
8,-0.03171590
8,-0.09883349
8,0.01068685
8,-0.01787628
8,-0.03164909
8,-0.03156127
8,-0.01273652
8,-0.00281171
8,-0.05032625
8,0.00247725
8,-0.04868739
8,-0.05772211
8,-0.02645950
8,-0.09199910
8,0.02588654
8,-0.00978650
8,-0.03287336
8,-0.01192727
8,-0.04151319
8,0.01134499
8,-0.00050020
8,-0.02421888
8,-0.04779446
8,-0.02456349
8,-0.04658047
8,-0.00850415
8,0.01116864
8,-0.10037474
8,-0.06586649
8,-0.02327683
8,-0.01157435
8,0.03735791
8,-0.04746580
8,0.00858860
8,0.01243465
8,-0.00723036
8,-0.03427774
8,0.01098895
8,-0.04436346
8,-0.04346138
8,-0.02548762
8,-0.02627093
8,-0.01673434
8,-0.01022808
8,-0.03685934
8,-0.05814342
8,0.02711880
8,0.02415717
8,-0.07135501
8,-0.02145390
8,-0.01451214
8,-0.00477251
8,0.01103436
8,0.04032425
8,0.00983808
8,-0.00996825
8,0.01742121
8,-0.00107048
8,-0.01678764
8,0.01585246
8,-0.01949593
8,0.00111416
8,-0.00164885
8,-0.00248369
8,-0.03656374
8,-0.02098573
8,0.01381272
8,0.00517777
8,-0.03846437
8,-0.00017465
8,0.00343134
8,-0.06904083
8,-0.01384360
8,-0.06420317
8,-0.00624118
8,-0.01501456
8,-0.02392656
8,0.00508549
8,-0.11982170
8,0.00717196
8,-0.04095175
8,-0.00715915
8,-0.06239085
8,-0.07118922
8,-0.04854165
8,-0.00469251
8,-0.00070665
8,-0.06435768
8,-0.03105828
8,-0.04455618
8,-0.05842661
8,-0.05933349
8,-0.03795362
8,-0.02219067
8,-0.02884750
8,-0.03831256
8,-0.06240986
8,-0.07080221
8,-0.00535272
8,-0.05022751
8,-0.01714495
8,-0.04950182
8,-0.07453760
8,0.02257760
8,-0.00847112
8,0.04301462
8,-0.04681441
8,-0.01934652
8,-0.03105916
8,-0.03689979
8,-0.02883054
8,0.01369349
8,-0.00176657
8,-0.10163785
8,-0.04709291
8,-0.02368261
8,0.00030501
8,-0.06407608
8,-0.04840817
8,-0.03645140
8,-0.01776557
8,-0.02717159
9,0.31252374
9,0.15678519
9,0.14070924
9,0.19843235
9,0.04950392
9,-0.02911119
9,0.17665911
9,0.17182679
9,0.18930662
9,0.07077673
9,0.13108098
9,0.19985177
9,0.25938303
9,0.15884328
9,0.29787226
9,0.12517362
9,0.09590543
9,0.13089946
9,0.21217967
9,0.15408919
9,0.17531471
9,-0.03524990
9,0.10352766
9,0.14392231
9,0.23609258
9,0.38635894
9,0.22566028
9,0.41951620
9,0.19590277
9,0.23534791
9,0.09372222
9,0.08143210
9,0.15534260
9,-0.09881547
9,0.12993773
9,0.16878459
9,0.11626698
9,-0.01548573
9,0.22200393
9,0.13609983
9,0.19819715
9,0.08712564
9,0.24458501
9,0.11146831
9,0.17372434
9,0.22108687
9,0.16779957
9,0.21411237
9,0.17003527
9,0.11503857
9,0.22937712
9,0.16323708
9,0.28146846
9,0.16161688
9,0.26634807
9,0.20499850
9,0.12412233
9,0.13911628
9,0.25522095
9,0.10685499
9,0.27155132
9,0.18201739
9,0.10658658
9,0.14325515
9,0.11593334
9,0.13592378
9,0.10215604
9,0.09200132
9,0.19840272
9,0.14733025
9,0.19506353
9,0.18137051
9,0.10798688
9,0.09335512
9,0.19302742
9,0.07632654
9,0.03861191
9,0.05209204
9,0.15739205
9,0.16344744
9,0.22096739
9,0.10226773
9,0.09781282
9,0.20236961
9,0.19107075
9,0.27930099
9,0.20342526
9,0.09682321
9,0.16844928
9,0.11569105
9,0.04266853
9,0.16808161
9,0.19967637
9,0.00613757
9,0.17931812
9,0.12481567
9,0.20306406
9,0.11288656
9,0.09275267
9,0.16954761
9,0.17940080
9,0.13953830
9,0.07139783
9,0.18878817
9,0.13112546
9,0.18697175
9,0.16810045
9,0.17626277
9,0.18488328
9,0.25309922
9,0.13298867
9,0.18180743
9,0.21425568
9,0.15849374
9,0.17853407
9,0.11777249
9,0.14644995
9,0.18431727
9,0.18696242
9,0.13713638
9,-0.00407785
9,0.19948988
9,0.12553523
9,0.16186924
9,0.14762315
9,0.21340123
9,0.17155452
9,0.24820507
9,0.11975179
9,0.10732708
9,0.17720024
9,0.02424325
9,0.07724092
9,0.16711013
9,0.05073405
9,0.11094359
9,0.08370849
9,0.10791588
9,0.15666914
9,0.36775081
9,0.18108336
9,0.28898300
9,0.03687858
9,0.24018480
9,0.14409355
9,0.16740718
9,0.13690647
9,0.19739571
9,0.05372930
9,0.02303934
9,0.14697560
9,0.18831598
9,0.16621673
9,-0.11738216
9,0.19780193
9,-0.01387295
9,0.30599730
9,0.12808971
9,0.13224282
9,0.14578204
9,0.04032558
9,-0.00550124
9,0.15317772
9,0.16549543
9,0.20654276
9,0.13407913
9,0.10690114
9,0.03521331
9,0.14215954
9,0.17553682
9,0.18452780
9,0.08311056
9,0.18457060
9,0.04914577
9,0.23847238
9,0.18559741
9,0.13464634
9,0.19357122
9,0.09114165
9,0.05917410
9,0.12185125
9,0.00428243
9,0.00308691
9,0.12598061
9,0.19038047
9,0.08896543
9,0.18584283
9,0.21856116
9,0.05146013
9,-0.01821933
9,0.24924289
9,0.14167989
9,0.03097501
9,0.14579859
9,0.06460689
9,-0.04003885
9,0.15093637
9,0.10669555
9,0.19522806
9,0.10651721
9,0.22988789
9,0.18879612
9,0.19224092
9,0.28932903
9,0.11940943
9,0.06543710
9,0.17465912
9,0.24337827
9,0.12926127
9,0.15138838
9,0.09712360
9,0.06975495
9,0.14615648
9,0.22955423
9,0.10986863
9,0.05596919
9,0.16103153
9,0.09941717
9,0.02566101
9,-0.01211750
9,-0.10930717
9,0.08627103
9,0.05246448
9,0.18229201
9,0.16418536
9,0.23064383
9,0.09774370
9,0.10447897
9,0.16752381
9,0.21253848
9,0.15195163
9,0.13027833
9,0.09592289
9,0.10661008
9,0.22979720
9,0.16616752
9,0.16750615
9,0.23520278
9,0.13121378
9,0.07738855
9,0.09367990
9,0.13918388
9,0.04710107
9,0.26294612
9,0.14079513
9,0.23377163
9,-0.01707303
9,0.14215658
9,0.22959849
9,0.15406099
9,0.21266481
9,0.19130585
9,0.19987308
9,0.22962148
9,0.23404258
9,0.23967224
9,0.16476197
9,0.15803274
9,0.11366164
9,0.14608078
9,0.16467644
9,0.25055193
9,0.12568285
9,0.11544247
9,0.21301165
9,0.11397053
9,0.14737106
9,0.15176879
9,0.13891595
9,0.14133916
9,0.13824469
9,0.08755497
9,0.16326151
9,0.19211203
9,0.13898086
9,0.33676749
9,0.12946502
9,0.11511926
9,0.10054437
9,0.13729178
9,0.15297325
9,0.23895185
9,0.08822988
9,0.23938800
9,-0.00178490
10,-0.07925434
10,-0.02562444
10,-0.06366455
10,-0.03724069
10,-0.01924193
10,-0.00181617
10,-0.03231661
10,-0.05557604
10,-0.06545792
10,-0.00439958
10,-0.11369298
10,-0.01884444
10,-0.03261858
10,-0.06954829
10,0.01316624
10,-0.04475108
10,-0.03801425
10,-0.00017507
10,-0.00245540
10,-0.01919940
10,-0.02995645
10,-0.04197988
10,-0.03014992
10,-0.03900905
10,-0.02897251
10,-0.03178134
10,0.02151134
10,-0.02841254
10,-0.04125458
10,-0.06333069
10,0.06214741
10,0.03202265
10,-0.04190349
10,-0.03668129
10,-0.00785244
10,-0.00328454
10,-0.00529328
10,-0.04313819
10,-0.01631274
10,-0.00855797
10,-0.08627095
10,-0.03757804
10,-0.02372965
10,-0.02309905
10,-0.02401530
10,-0.06632235
10,-0.01125960
10,-0.02356078
10,-0.04187061
10,-0.06386310
10,-0.05219012
10,-0.04684959
10,0.00941627
10,-0.10473635
10,-0.05078079
10,-0.08207751
10,-0.03441503
10,-0.01297804
10,-0.03084543
10,-0.01580050
10,-0.05004815
10,0.00431311
10,-0.02856290
10,-0.03489595
10,-0.01797113
10,-0.02252776
10,-0.01534024
10,-0.01746159
10,-0.01921664
10,-0.05833993
10,-0.02071289
10,-0.05408797
10,0.03133806
10,0.00949691
10,-0.02601584
10,-0.02052220
10,-0.03207140
10,-0.05372401
10,-0.02066789
10,-0.03730483
10,-0.05457137
10,-0.00886167
10,-0.02346993
10,-0.03860987
10,-0.02028802
10,-0.01452926
10,-0.02249735
10,-0.04233892
10,-0.03230084
10,0.04159497
10,-0.04070140
10,-0.04458672
10,-0.02132787
10,-0.05845750
10,-0.02330246
10,-0.08075981
10,-0.00144791
10,-0.05755008
10,-0.01898645
10,-0.01048338
10,0.00959824
10,0.00183663
10,-0.13933622
10,-0.02777247
10,-0.01549411
10,-0.06914613
10,-0.02592484
10,-0.02305260
10,-0.04636930
10,-0.03635866
10,-0.00342812
10,-0.00841310
10,0.00245939
10,-0.07721181
10,0.02063897
10,-0.01464418
10,-0.03601513
10,0.00268460
10,-0.01912379
10,-0.06311621
10,-0.00451011
10,-0.02521711
10,0.00949237
10,-0.00957162
10,-0.01267748
10,-0.00802444
10,-0.04409997
10,-0.01735854
10,0.01507138
10,-0.01504927
10,0.01689494
10,0.03816719
10,-0.03932144
10,-0.00502158
10,-0.01609633
10,0.00778931
10,-0.01260093
10,-0.00246862
10,-0.07020745
10,-0.03159570
10,0.00460372
10,0.02287417
10,-0.00732347
10,-0.01575403
10,-0.02684510
10,-0.01119234
10,-0.05529921
10,-0.03795118
10,-0.02651710
10,-0.19556564
10,-0.04223031
10,-0.02959615
10,-0.07875400
10,-0.06664954
10,0.00305562
10,-0.01282399
10,0.04131664
10,-0.13174556
10,-0.03508368
10,-0.00449901
10,-0.03973401
10,-0.03318602
10,-0.00051916
10,-0.04220294
10,-0.04634111
10,-0.02838453
10,-0.05455994
10,-0.04422225
10,-0.02148625
10,-0.06052902
10,-0.07637205
10,-0.09206910
10,-0.01526586
10,-0.02575014
10,-0.03397856
10,-0.07953113
10,-0.02471896
10,0.00542613
10,-0.03598899
10,-0.02271611
10,-0.03356906
10,-0.06145111
10,-0.04188897
10,-0.07347098
10,-0.03901991
10,-0.02760942
10,-0.00481662
10,-0.02621794
10,-0.06311528
10,-0.11033953
10,-0.02151117
10,-0.03430678
10,-0.06876977
10,-0.04546423
10,-0.01241926
10,-0.00173524
10,-0.07642150
10,-0.04173066
10,-0.04216652
10,0.01169776
10,-0.02590759
10,-0.01406337
10,-0.01018279
10,-0.09087444
10,-0.00664732
10,-0.03043085
10,-0.01751077
10,-0.00477985
10,-0.02928615
10,-0.02290865
10,-0.02869247
10,-0.01911250
10,-0.04538034
10,-0.02302476
10,0.00418779
10,-0.04368875
10,0.02720509
10,-0.00586979
10,-0.11465017
10,-0.01798090
10,-0.04892795
10,-0.03794099
10,-0.03739454
10,-0.06926167
10,-0.02243333
10,0.02104798
10,-0.12291854
10,-0.03156223
10,-0.04485049
10,-0.03273914
10,0.01120941
10,0.04530068
10,-0.05030494
10,0.01804023
10,-0.04833876
10,-0.01016648
10,-0.01343635
10,-0.03982054
10,-0.00449874
10,0.00157367
10,-0.07139664
10,-0.04041358
10,-0.02403378
10,0.00182857
10,-0.01499064
10,0.00196364
10,-0.04290460
10,-0.02177784
10,-0.00688090
10,-0.00777231
10,-0.02055847
10,-0.02204062
10,-0.03070929
10,-0.07903434
10,-0.06808594
10,-0.00420735
10,-0.02312613
10,-0.04537752
10,-0.02385645
10,-0.02066249
10,-0.03355229
10,-0.03162867
10,-0.05245578
10,-0.04708813
10,-0.04485248
10,-0.03219675
10,-0.05593491
10,-0.02351192
10,-0.02147559
10,-0.05643061
10,-0.10647340
10,-0.02320127
10,-0.02329976
10,-0.03143768
10,-0.04954107
10,-0.10744157
10,-0.07589168
10,-0.00785828
10,-0.00900707
10,-0.12453843
10,-0.02957854
10,-0.05090520
10,-0.11616206
10,0.00494516
10,-0.11013830
10,-0.05393823
10,-0.05837399
10,-0.02116990
10,-0.02340208
10,-0.01419294
10,-0.05531484
10,-0.02064076
10,-0.06007816
11,-0.02021132
11,-0.06309765
11,0.05285624
11,-0.04973412
11,-0.11732773
11,0.01038898
11,-0.04281619
11,-0.04425513
11,0.00554492
11,-0.09089601
11,-0.01405137
11,-0.07896584
11,0.03353994
11,-0.06141649
11,-0.01222754
11,-0.00004172
11,-0.10662681
11,-0.02597384
11,0.00676145
11,-0.02893119
11,-0.09737123
11,-0.07153358
11,-0.09126057
11,-0.05543909
11,-0.06028956
11,-0.02676833
11,-0.02499058
11,0.03932652
11,-0.04052176
11,-0.04098260
11,-0.07191874
11,-0.01756202
11,-0.06202980
11,-0.10566707
11,-0.06813215
11,0.00821524
11,-0.03560771
11,0.02024089
11,-0.07861296
11,-0.04130256
11,-0.01519269
11,-0.00878136
11,-0.00681489
11,-0.08670495
11,-0.04419426
11,-0.07930892
11,-0.05725864
11,-0.08422507
11,0.01811371
11,-0.07500321
11,-0.06434842
11,-0.12586168
11,-0.11133729
11,-0.10346671
11,-0.12325067
11,-0.05383766
11,-0.14182031
11,-0.05755758
11,-0.06464508
11,-0.06948133
11,-0.03825656
11,-0.13091464
11,-0.05443447
11,-0.06702681
11,-0.05172136
11,-0.07760021
11,-0.11022273
11,0.00012699
11,-0.03262519
11,-0.03095183
11,0.00535226
11,-0.03793028
11,-0.04886509
11,0.02601380
11,-0.02038870
11,-0.05117138
11,-0.13477347
11,-0.06170792
11,-0.00778099
11,-0.05775765
11,-0.08109642
11,-0.11436318
11,0.04459978
11,-0.05433771
11,0.00118781
11,-0.02835266
11,-0.04300768
11,-0.01517684
11,-0.05991257
11,-0.07170720
11,-0.06879853
11,-0.02002892
11,-0.08247314
11,-0.04915577
11,-0.02467289
11,-0.04209224
11,-0.03217283
11,-0.07479077
11,-0.03528277
11,-0.05062989
11,-0.02320508
11,0.05032361
11,0.02997878
11,0.04685010
11,0.04881910
11,0.07944013
11,-0.04538802
11,0.02591111
11,0.02525161
11,0.02016084
11,0.04086208
11,-0.06594786
11,0.00278013
11,-0.02568477
11,0.02684685
11,0.03297375
11,-0.04126820
11,0.08101372
11,0.09772702
11,-0.04670284
11,0.00875344
11,-0.01479493
11,0.04655497
11,0.02774448
11,-0.05430215
11,0.07046570
11,0.06203188
11,-0.03405057
11,0.02013254
11,-0.05301725
11,0.01970392
11,0.02657019
11,0.03442452
11,0.03280583
11,-0.00371204
11,-0.00817986
11,-0.05264550
11,-0.08164940
11,-0.02597651
11,0.01280329
11,-0.01645196
11,-0.02168606
11,-0.06946564
11,0.03974197
11,-0.03269775
11,-0.01724307
11,-0.01201951
11,-0.05802744
11,-0.05972389
11,-0.02099081
11,-0.02070256
11,-0.03603492
11,-0.05949346
11,0.02771509
11,-0.02843393
11,-0.03657133
11,-0.02494273
11,0.04973610
11,-0.07387668
11,0.00481729
11,-0.00524761
11,-0.07708843
11,0.00942510
11,-0.00152574
11,0.00257265
11,-0.09133998
11,-0.01944927
11,-0.02627716
11,-0.04246547
11,-0.17694810
11,-0.07271418
11,-0.06055528
11,-0.01291661
11,-0.05174935
11,-0.04622163
11,-0.00842779
11,0.01881228
11,-0.05402907
11,-0.03202550
11,-0.02335636
11,-0.05959520
11,-0.09086604
11,-0.07136253
11,-0.06270271
11,-0.07805769
11,-0.07422582
11,-0.03838485
11,-0.10736644
11,-0.04006264
11,0.05120415
11,-0.01594552
11,-0.07103088
11,-0.07430074
11,-0.08535971
11,-0.02797314
11,-0.03002543
11,-0.04192599
11,-0.03543886
11,-0.08150192
11,-0.10305997
11,-0.03650241
11,0.01707037
11,-0.05913562
11,-0.01716151
11,-0.04117121
11,-0.08622966
11,-0.07550085
11,-0.06670190
11,-0.01961701
11,-0.06127797
11,-0.01427820
11,-0.04568974
11,-0.05005256
11,-0.01096709
11,-0.05107081
11,0.00606550
11,-0.04195261
11,-0.02858877
11,-0.04779168
11,-0.01585402
11,-0.09911860
11,-0.01085683
11,-0.01171396
11,-0.04737241
11,-0.07386071
11,0.06726921
11,-0.04968583
11,-0.03861196
11,-0.08102667
11,0.00887670
11,-0.07788588
11,-0.00909233
11,-0.07027536
11,-0.10748464
11,-0.03459963
11,-0.00226665
11,0.01473839
11,-0.11148273
11,-0.06406923
11,0.00051154
11,-0.07993786
11,-0.06187675
11,0.00008760
11,-0.02630533
11,-0.09105211
11,-0.03902882
11,-0.04252718
11,-0.03920991
11,-0.05278926
11,-0.02488707
11,-0.02823681
11,0.01604696
11,0.01883004
11,-0.01973596
11,-0.04547758
11,-0.02363214
11,-0.04319654
11,-0.09007049
11,-0.02347860
11,-0.07245701
11,-0.07486763
11,-0.09015749
11,0.00330627
11,-0.02909923
11,-0.07346885
11,-0.05759981
11,-0.03147649
11,-0.04962374
11,-0.08970830
11,-0.09168451
11,-0.07099985
11,-0.13696915
11,-0.04694932
11,-0.06631604
11,-0.00776745
11,0.01688476
11,-0.07378904
11,0.00471287
11,-0.07700474
11,-0.09778288
11,-0.08535973
11,-0.05738110
11,-0.05686012
11,-0.01192426
11,-0.07898250
11,-0.06781109
11,0.00271459
11,-0.08878789
11,-0.09153098
11,-0.05312165
11,-0.10809308
11,-0.09019417
11,-0.03632635
11,0.02674497
11,-0.06283395
11,-0.05257613
11,-0.08564959
11,-0.04926319
